{"cameraMode":{"drawMode":0,"name":"Shaded","section":"Shading Mode"},"sceneLighting":true,"audioPlay":false,"sceneViewState":{"m_AlwaysRefresh":false,"showFog":true,"showSkybox":true,"showFlares":true,"showImageEffects":true,"showParticleSystems":true,"showVisualEffectGraphs":true,"m_FxEnabled":true},"in2DMode":false,"pivot":{"x":129.29168701171876,"y":-118.42807006835938,"z":-103.90254211425781},"rotation":{"x":-0.5059853792190552,"y":0.12920498847961427,"z":-0.07764070481061936,"w":-0.8494527339935303},"size":272.2263488769531,"orthographic":false}